<?xml version="1.0" encoding="UTF-8"?>
<project-private xmlns="http://www.netbeans.org/ns/project-private/1">
    <editor-bookmarks xmlns="http://www.netbeans.org/ns/editor-bookmarks/2" lastBookmarkId="0"/>
    <open-files xmlns="http://www.netbeans.org/ns/projectui-open-files/2">
        <group>
            <file>file:/C:/Users/fedeg/Documents/Workspace/Simulaciones2018/Simulacion_2k18/simulaciones-tp3/src/front/UniformeTestTable.java</file>
            <file>file:/C:/Users/fedeg/Documents/Workspace/Simulaciones2018/Simulacion_2k18/simulaciones-tp3/src/front/Main.java</file>
            <file>file:/C:/Users/fedeg/Documents/Workspace/Simulaciones2018/Simulacion_2k18/simulaciones-tp3/src/front/exponencial/ExponencialTestTable.java</file>
        </group>
    </open-files>
</project-private>
