<?xml version="1.0" encoding="UTF-8"?>
<project-private xmlns="http://www.netbeans.org/ns/project-private/1">
    <editor-bookmarks xmlns="http://www.netbeans.org/ns/editor-bookmarks/2" lastBookmarkId="0"/>
    <open-files xmlns="http://www.netbeans.org/ns/projectui-open-files/2">
        <group>
            <file>file:/C:/Users/heftyn/Documents/NetBeansProjects/Simulacion_2k18/simulaciones-tp5/src/objects/Encargado.java</file>
            <file>file:/C:/Users/heftyn/Documents/NetBeansProjects/Simulacion_2k18/simulaciones-tp5/src/front/tablemodel/VectorEstadoTableModel.java</file>
            <file>file:/C:/Users/heftyn/Documents/NetBeansProjects/Simulacion_2k18/simulaciones-tp5/src/front/PopUpAlumnos.java</file>
            <file>file:/C:/Users/heftyn/Documents/NetBeansProjects/Simulacion_2k18/simulaciones-tp5/src/model/VectorEstadoUI.java</file>
            <file>file:/C:/Users/heftyn/Documents/NetBeansProjects/Simulacion_2k18/simulaciones-tp5/src/eventos/FinInscripcion.java</file>
            <file>file:/C:/Users/heftyn/Documents/NetBeansProjects/Simulacion_2k18/simulaciones-tp5/src/control/eventos/EventoFinInscripcion.java</file>
            <file>file:/C:/Users/heftyn/Documents/NetBeansProjects/Simulacion_2k18/simulaciones-tp5/src/control/eventos/Evento.java</file>
            <file>file:/C:/Users/heftyn/Documents/NetBeansProjects/Simulacion_2k18/simulaciones-tp5/src/control/Aplicacion.java</file>
            <file>file:/C:/Users/heftyn/Documents/NetBeansProjects/Simulacion_2k18/simulaciones-tp5/src/eventos/FinMantenimiento.java</file>
            <file>file:/C:/Users/heftyn/Documents/NetBeansProjects/Simulacion_2k18/simulaciones-tp5/src/objects/ColaAlumnos.java</file>
            <file>file:/C:/Users/heftyn/Documents/NetBeansProjects/Simulacion_2k18/simulaciones-tp5/src/control/ControladorSimulacion.java</file>
            <file>file:/C:/Users/heftyn/Documents/NetBeansProjects/Simulacion_2k18/simulaciones-tp5/src/eventos/InicioMantenimiento.java</file>
            <file>file:/C:/Users/heftyn/Documents/NetBeansProjects/Simulacion_2k18/simulaciones-tp5/src/objects/Maquina.java</file>
            <file>file:/C:/Users/heftyn/Documents/NetBeansProjects/Simulacion_2k18/simulaciones-tp5/src/model/VectorEstadoConstants.java</file>
            <file>file:/C:/Users/heftyn/Documents/NetBeansProjects/Simulacion_2k18/simulaciones-tp5/src/front/VentanaPrincipal.java</file>
            <file>file:/C:/Users/heftyn/Documents/NetBeansProjects/Simulacion_2k18/simulaciones-tp5/src/control/VectorEstado.java</file>
            <file>file:/C:/Users/heftyn/Documents/NetBeansProjects/Simulacion_2k18/simulaciones-tp5/src/front/tablemodel/Columna.java</file>
            <file>file:/C:/Users/heftyn/Documents/NetBeansProjects/Simulacion_2k18/simulaciones-tp5/src/eventos/LlegadaAlumno.java</file>
            <file>file:/C:/Users/heftyn/Documents/NetBeansProjects/Simulacion_2k18/simulaciones-tp5/src/control/eventos/EventoFinMantenimiento.java</file>
            <file>file:/C:/Users/heftyn/Documents/NetBeansProjects/Simulacion_2k18/simulaciones-tp5/src/control/eventos/EventoInicioMantenimiento.java</file>
            <file>file:/C:/Users/heftyn/Documents/NetBeansProjects/Simulacion_2k18/simulaciones-tp5/src/control/eventos/EventoLlegadaAlumno.java</file>
            <file>file:/C:/Users/heftyn/Documents/NetBeansProjects/Simulacion_2k18/simulaciones-tp5/src/front/tablemodel/SetearValores.java</file>
            <file>file:/C:/Users/heftyn/Documents/NetBeansProjects/Simulacion_2k18/simulaciones-tp5/src/front/Estadisticas.java</file>
            <file>file:/C:/Users/heftyn/Documents/NetBeansProjects/Simulacion_2k18/simulaciones-tp5/src/model/Configuracion.java</file>
            <file>file:/C:/Users/heftyn/Documents/NetBeansProjects/Simulacion_2k18/simulaciones-tp5/src/objects/Distribuciones.java</file>
            <file>file:/C:/Users/heftyn/Documents/NetBeansProjects/Simulacion_2k18/simulaciones-tp5/src/control/eventos/EventoRegresoAlumno.java</file>
            <file>file:/C:/Users/heftyn/Documents/NetBeansProjects/Simulacion_2k18/simulaciones-tp5/src/control/eventos/EventoInicial.java</file>
            <file>file:/C:/Users/heftyn/Documents/NetBeansProjects/Simulacion_2k18/simulaciones-tp5/src/objects/Alumno.java</file>
        </group>
    </open-files>
</project-private>
